{"cameraMode":{"drawMode":0,"name":"Shaded","section":"Shading Mode"},"sceneLighting":false,"audioPlay":false,"sceneViewState":{"m_AlwaysRefresh":false,"showFog":true,"showSkybox":false,"showFlares":true,"showImageEffects":true,"showParticleSystems":true,"showVisualEffectGraphs":true,"m_FxEnabled":true},"in2DMode":false,"pivot":{"x":-0.17207258939743043,"y":0.9830215573310852,"z":2.5801334381103517},"rotation":{"x":0.07787613570690155,"y":-0.033788543194532397,"z":0.0026408471167087557,"w":0.9963866472244263},"size":5.253281116485596,"orthographic":false}