{"cameraMode":{"drawMode":0,"name":"Shaded","section":"Shading Mode"},"sceneLighting":false,"audioPlay":false,"sceneViewState":{"m_AlwaysRefresh":false,"showFog":true,"showSkybox":false,"showFlares":true,"showImageEffects":true,"showParticleSystems":true,"showVisualEffectGraphs":true,"m_FxEnabled":true},"in2DMode":false,"pivot":{"x":-1.4217809438705445,"y":0.5239295959472656,"z":2.264646530151367},"rotation":{"x":0.11553509533405304,"y":-0.1419300138950348,"z":0.016681982204318048,"w":0.9829694032669067},"size":3.5307676792144777,"orthographic":false}