{"cameraMode":{"drawMode":0,"name":"Shaded","section":"Shading Mode"},"sceneLighting":true,"audioPlay":false,"sceneViewState":{"m_AlwaysRefresh":false,"showFog":true,"showSkybox":false,"showFlares":true,"showImageEffects":true,"showParticleSystems":true,"showVisualEffectGraphs":true,"m_FxEnabled":true},"in2DMode":false,"pivot":{"x":2.9592151641845705,"y":11.484621047973633,"z":14.981700897216797},"rotation":{"x":0.21526439487934113,"y":0.2218666672706604,"z":-0.050282809883356097,"w":0.9497002363204956},"size":30.260873794555665,"orthographic":false}