{"cameraMode":{"drawMode":0,"name":"Shaded","section":"Shading Mode"},"sceneLighting":true,"audioPlay":false,"sceneViewState":{"m_AlwaysRefresh":false,"showFog":true,"showSkybox":false,"showFlares":true,"showImageEffects":true,"showParticleSystems":true,"showVisualEffectGraphs":true,"m_FxEnabled":true},"in2DMode":false,"pivot":{"x":-0.4267292022705078,"y":4.6468119621276859,"z":5.191374778747559},"rotation":{"x":-0.061138205230236056,"y":-0.14264103770256043,"z":0.008821811527013779,"w":-0.9878595471382141},"size":8.066349029541016,"orthographic":false}